{"cameraMode":{"drawMode":0,"name":"Shaded","section":"Shading Mode"},"sceneLighting":false,"audioPlay":false,"sceneViewState":{"m_AlwaysRefresh":false,"showFog":true,"showSkybox":true,"showFlares":true,"showImageEffects":true,"showParticleSystems":true,"showVisualEffectGraphs":true,"m_FxEnabled":false},"in2DMode":false,"pivot":{"x":1058.9208984375,"y":650.5116577148438,"z":34.55615234375},"rotation":{"x":0.00030476131360046566,"y":0.05637525022029877,"z":-0.000026181547582382336,"w":0.9984092116355896},"size":947.3773193359375,"orthographic":false}