{"cameraMode":{"drawMode":0,"name":"Shaded","section":"Shading Mode"},"sceneLighting":true,"audioPlay":false,"sceneViewState":{"m_AlwaysRefresh":false,"showFog":true,"showSkybox":true,"showFlares":true,"showImageEffects":true,"showParticleSystems":true,"showVisualEffectGraphs":true,"m_FxEnabled":true},"in2DMode":false,"pivot":{"x":1.4859367609024048,"y":-5.248390197753906,"z":13.362715721130371},"rotation":{"x":-0.1836935579776764,"y":-0.025950681418180467,"z":0.004859243053942919,"w":-0.9826249480247498},"size":12.12435531616211,"orthographic":false}