{"cameraMode":{"drawMode":0,"name":"Shaded","section":"Shading Mode"},"sceneLighting":false,"audioPlay":false,"sceneViewState":{"m_AlwaysRefresh":false,"showFog":true,"showSkybox":true,"showFlares":true,"showImageEffects":true,"showParticleSystems":true,"showVisualEffectGraphs":true,"m_FxEnabled":false},"in2DMode":false,"pivot":{"x":871.0216064453125,"y":-154.2111053466797,"z":-76.23126220703125},"rotation":{"x":0.06624330580234528,"y":-0.020049678161740304,"z":0.001320796087384224,"w":0.9975937008857727},"size":598.4456176757813,"orthographic":false}